entry_type,citation_key,abstract,abstractnote,address,annote,archiveprefix,articleno,author,booktitle,collection,copyright,doi,edition,editor,eprint,file,howpublished,institution,isbn,issn,issue_date,journal,keywords,language,location,month,note,number,numpages,pages,pmcid,pmid,primaryclass,publisher,rights,series,shorttitle,title,type,url,urldate,volume,year
misc,omarah_making_2024,"IMF economists say that GenAI is a job killer, but also, a job enhancer. Supply chain leaders must design smarter jobs and train their people to use AI better.",,,,,,"O'Marah, Kevin",,,,,,,,,,,,,,Forbes,,en,,,accessed 2025-05-19,,,,,,,,,,,Making {Peace} {With} {GenAI} {As} {Job} {Killer},,https://www.forbes.com/sites/kevinomarah/2024/06/27/making-peace-with-gen-ai-as-job-killer/,,,
misc,appel_generative_2025,,,,,,,"Appel, Gil and Neelbauer, Juliana and Schweidel, David A.",,,,,,,,,,,,,,Harvard Business Review,,en,,,accessed 2025-05-19,,,,,,,,,,,Generative {AI} {Has} an {Intellectual} {Property} {Problem},,https://hbr.org/2023/04/generative-ai-has-an-intellectual-property-problem,,,
article,mccormick_exploring_2021,"Scientists are increasingly collecting and using large volumes of data for their
research. In many instances, these data do not have personal identifiers (ie,
are deidentified), and current federal regulations allow scientists to use these
data without asking patients’ permission. The goal of this study was to
explore public perspectives about the policies and process institutions have in
place for scientists to access, use, and share deidentified patient data. We
conducted 6 focus groups with a total of 37 participants, ages 18–76.
Most participants were not surprised that scientists accessed and used
deidentified personal information for research, and were supportive of this
practice. That said, transparency was important to them. Participants wanted to
know when their data were accessed, for what purpose, and by whom, and they
supported establishment of an advisory council or group with responsibility for
deciding what data were used, who was accessing those data, and whether data
could be shared. The trust people have in their medical institutions should be
considered fragile, and institutions should not take that trust for granted. How
institutions choose to govern patients’ data and what voices are included
in decisions about use and access are critical to maintaining public trust.",,,,,,"McCormick, Jennifer B and Hopkins, Margaret A",,,,10.1093/jamiaopen/ooab098,,,,,,,,2574-2531,,JAMIA Open,,,,November,,4,,ooab098,PMC8672933,34926998,,,,,Exploring public concerns for sharing and governance of personal health information,Exploring public concerns for sharing and governance of personal health information: a focus group study,,https://www.ncbi.nlm.nih.gov/pmc/articles/PMC8672933/,2025-05-19,4,2021
article,schafer_data-driven_2023,"To leverage the opportunities provided by the Internet of Things (IoT), product-based companies are exploring new data-driven business opportunities. They may miss these same opportunities, however, owing to data-privacy challenges. These challenges start with the customers of product-based companies, extend to the wider business ecosystem, and continue with the companies themselves. This article identifies 12 data-privacy challenges and introduces 12 measures to address them. These include intuitive recommendations, such as enabling cross-product consent collection, as well as less intuitive measures, such as fostering a can-do attitude in legal units, closing the gap between legal and business initiatives, or implementing a clear process for well-reasoned risk-taking. The following four principles were found to support companies in implementing these measures: (1) letting privacy and data-driven business go hand in hand, (2) putting customers first and turning their privacy preferences into opportunities, (3) aligning risk-management activities with the process of digital service development, and (4) using technology to professionalize legal processes.",,,,,,"Schäfer, Fabian and Gebauer, Heiko and Gröger, Christoph and Gassmann, Oliver and Wortmann, Felix",,,,10.1016/j.bushor.2022.10.002,,,,,,,,0007-6813,,Business Horizons,"Data privacy, Data sharing, Data-driven business, Digital services, Privacy principles, Risk management",,,July,,4,,493--504,,,,,,,Data-driven business and data privacy,Data-driven business and data privacy: {Challenges} and measures for product-based companies,,https://www.sciencedirect.com/science/article/pii/S0007681322001288,2025-05-19,66,2023
article,seh_healthcare_2020,"The Internet of Medical Things, Smart Devices, Information Systems, and Cloud Services have led to a digital transformation of the healthcare industry. Digital healthcare services have paved the way for easier and more accessible treatment, thus making our lives far more comfortable. However, the present day healthcare industry has also become the main victim of external as well as internal attacks. Data breaches are not just a concern and complication for security experts; they also affect clients, stakeholders, organizations, and businesses. Though the data breaches are of different types, their impact is almost always the same. This study provides insights into the various categories of data breaches faced by different organizations. The main objective is to do an in-depth analysis of healthcare data breaches and draw inferences from them, thereby using the findings to improve healthcare data confidentiality. The study found that hacking/IT incidents are the most prevalent forms of attack behind healthcare data breaches, followed by unauthorized internal disclosures. The frequency of healthcare data breaches, magnitude of exposed records, and financial losses due to breached records are increasing rapidly. Data from the healthcare industry is regarded as being highly valuable. This has become a major lure for the misappropriation and pilferage of healthcare data. Addressing this anomaly, the present study employs the simple moving average method and the simple exponential soothing method of time series analysis to examine the trend of healthcare data breaches and their cost. Of the two methods, the simple moving average method provided more reliable forecasting results.",,,,,,"Seh, Adil Hussain and Zarour, Mohammad and Alenezi, Mamdouh and Sarkar, Amal Krishna and Agrawal, Alka and Kumar, Rajeev and Ahmad Khan, Raees",,,,10.3390/healthcare8020133,,,,Full Text:C\:\\Users\\st3\\Zotero\\storage\\8TC5JV9I\\Seh et al. - 2020 - Healthcare Data Breaches Insights and Implication.pdf:application/pdf,,,,2227-9032,,Healthcare,,,,May,,2,,133,PMC7349636,32414183,,,,,Healthcare {Data} {Breaches},Healthcare {Data} {Breaches}: {Insights} and {Implications},,https://www.ncbi.nlm.nih.gov/pmc/articles/PMC7349636/,2025-05-19,8,2020
article,ning_generative_2024,"The widespread use of Chat Generative Pre-trained Transformer (known as ChatGPT) and other emerging technology that is powered by generative artificial intelligence (GenAI) has drawn attention to the potential ethical issues they can cause, especially in high-stakes applications such as health care, but ethical discussions have not yet been translated into operationalisable solutions. Furthermore, ongoing ethical discussions often neglect other types of GenAI that have been used to synthesise data (eg, images) for research and practical purposes, which resolve some ethical issues and expose others. We did a scoping review of the ethical discussions on GenAI in health care to comprehensively analyse gaps in the research. To reduce the gaps, we have developed a checklist for comprehensive assessment and evaluation of ethical discussions in GenAI research. The checklist can be integrated into peer review and publication systems to enhance GenAI research and might be useful for ethics-related disclosures for GenAI-powered products and health-care applications of such products and beyond.",,,,,,"Ning, Yilin and Teixayavong, Salinelat and Shang, Yuqing and Savulescu, Julian and Nagaraj, Vaishaanth and Miao, Di and Mertens, Mayli and Ting, Daniel Shu Wei and Ong, Jasmine Chiat Ling and Liu, Mingxuan and Cao, Jiuwen and Dunn, Michael and Vaughan, Roger and Ong, Marcus Eng Hock and Sung, Joseph Jao-Yiu and Topol, Eric J and Liu, Nan",,,,10.1016/S2589-7500(24)00143-2,,,,,,,,2589-7500,,The Lancet Digital Health,,,,November,,11,,e848--e856,,,,,,,Generative artificial intelligence and ethical considerations in health care,Generative artificial intelligence and ethical considerations in health care: a scoping review and ethics checklist,,https://www.sciencedirect.com/science/article/pii/S2589750024001432,2025-05-19,6,2024
article,mcgenity_artificial_2024,"Ensuring diagnostic performance of artificial intelligence (AI) before introduction into clinical practice is essential. Growing numbers of studies using AI for digital pathology have been reported over recent years. The aim of this work is to examine the diagnostic accuracy of AI in digital pathology images for any disease. This systematic review and meta-analysis included diagnostic accuracy studies using any type of AI applied to whole slide images (WSIs) for any disease. The reference standard was diagnosis by histopathological assessment and/or immunohistochemistry. Searches were conducted in PubMed, EMBASE and CENTRAL in June 2022. Risk of bias and concerns of applicability were assessed using the QUADAS-2 tool. Data extraction was conducted by two investigators and meta-analysis was performed using a bivariate random effects model, with additional subgroup analyses also performed. Of 2976 identified studies, 100 were included in the review and 48 in the meta-analysis. Studies were from a range of countries, including over 152,000 whole slide images (WSIs), representing many diseases. These studies reported a mean sensitivity of 96.3\% (CI 94.1–97.7) and mean specificity of 93.3\% (CI 90.5–95.4). There was heterogeneity in study design and 99\% of studies identified for inclusion had at least one area at high or unclear risk of bias or applicability concerns. Details on selection of cases, division of model development and validation data and raw performance data were frequently ambiguous or missing. AI is reported as having high diagnostic accuracy in the reported areas but requires more rigorous evaluation of its performance.",,,,,,"McGenity, Clare and Clarke, Emily L. and Jennings, Charlotte and Matthews, Gillian and Cartlidge, Caroline and Freduah-Agyemang, Henschel and Stocken, Deborah D. and Treanor, Darren",,,2024 The Author(s),10.1038/s41746-024-01106-8,,,,,,,,2398-6352,,npj Digital Medicine,"Medical imaging, Pathogenesis",en,,May,Publisher: Nature Publishing Group,1,,1--19,,,,,,,Artificial intelligence in digital pathology,Artificial intelligence in digital pathology: a systematic review and meta-analysis of diagnostic test accuracy,,https://www.nature.com/articles/s41746-024-01106-8,2025-05-19,7,2024
misc,DSIT_AI,,,,,,,"{UK Department for Science, Innovation and Technology}",,,,,,,,,\url{https://https://www.gov.uk/government/news/prime-minister-sets-out-blueprint-to-turbocharge-ai},,,,,,,,,,,,,,,,,,,,,Prime Minister sets out blueprint to turbocharge AI,,,,,2025
article,NIST_RMF_ai_2021,,,,,,,,,,,,,,,,,,,,,NIST,,en,,July,Last Modified: 2025-05-05T13:16-04:00,,,,,,,,,,,{AI} {Risk} {Management} {Framework},,https://www.nist.gov/itl/ai-risk-management-framework,2025-05-16,,2021
misc,levene_life_2024,"This work presents a life cycle for trustworthy and safe artificial intelligence systems (TAIS). We consider the application of a risk management framework (RMF) in the TAI life cycle, and how this affects the choices made during the various phases of AI system development. The emerging requirements for AI systems go beyond the traditional software engineering (SE) development cycle of design, develop and deploy (DDD), where test, evaluation, verification and validation (TEVV) plays a crucial role. In particular, the additional challenge in SE is that AI systems are, in general: (i) data-driven, (ii) can learn and (iii) are adaptive. Moreover, considerations of the impact of AI systems on users and wider society are essential to their trustworthy and safe deployment. In order to achieve a TAIS we also consider the measurement aspect, which manifests itself in the specification of quantifiable metrics capturing both technical and socio-technical principles of TAI that allow us to assess the trustworthiness of an AI system. The TAI life cycle is an iterative and continuous process, so that the AI system being developed is evolving and corrective action can be taken to deal with arising issues at any stage of the life cycle.",,,,,,"Levene, M. and Adel, T. and Alsuleman, M. and George, I. and Krishnadas, P. and Lines, K. and Luo, Y. and Smith, I. and Duncan, P.",,,,,,,,Full Text PDF:C\:\\Users\\st3\\Zotero\\storage\\PCKX6P47\\Levene et al. - 2024 - A Life Cycle for Trustworthy and Safe Artificial I.pdf:application/pdf;Snapshot:C\:\\Users\\st3\\Zotero\\storage\\CY6NI3LR\\9995.html:text/html,,,,,,,,en,,April,ISSN: 1754-2960,,,,,,,,,,,A {Life} {Cycle} for {Trustworthy} and {Safe} {Artificial} {Intelligence} {Systems},Report/{Guide},https://doi.org/10.47120/npl.MS57,2025-05-16,,2024
article,holen_womens_2024,"Purpose
To investigate attitudes and perspectives on the use of artificial intelligence (AI) in the assessment of screening mammograms among women invited to BreastScreen Norway.
Method
An anonymous survey was sent to all women invited to BreastScreen Norway during the study period, October 10, 2022, to December 25, 2022 (n = 84,543). Questions were answered on a 10-point Likert scale and as multiple-choice, addressing knowledge of AI, willingness to participate in AI studies, information needs, confidence in AI results and AI assisted reading strategies, and thoughts on concerns and benefits of AI in mammography screening. Analyses were performed using χ2 and logistic regression tests.
Results
General knowledge of AI was reported as extensive by 11.0\% of the 8,355 respondents. Respondents were willing to participate in studies using AI either for decision support (64.0\%) or triaging (54.9\%). Being informed about use of AI-assisted image assessment was considered important, and a reading strategy of AI in combination with one radiologist preferred. Having extensive knowledge of AI was associated with willingness to participate in AI studies (decision support; odds ratio [OR]: 5.1, 95\% confidence interval [CI]: 4.1–6.4, and triaging; OR: 3.4, 95\% CI: 2.8–4.0) and trust in AI’s independent assessment (OR: 6.8, 95\% CI: 5.7, 8.3).
Conclusions
Women invited to BreastScreen Norway had a positive attitude towards the use of AI in image assessment, given that human readers are still involved. Targeted information and increased public knowledge of AI could help achieve high participation in AI studies and successful implementation of AI in mammography screening.",,,,,,"Holen, Åsne Sørlien and Martiniussen, Marit Almenning and Bergan, Marie Burns and Moshina, Nataliia and Hovda, Tone and Hofvind, Solveig",,,,10.1016/j.ejrad.2024.111431,,,,Full Text PDF:C\:\\Users\\st3\\Zotero\\storage\\FHXAY5CN\\Holen et al. - 2024 - Women’s attitudes and perspectives on the use of a.pdf:application/pdf;ScienceDirect Snapshot:C\:\\Users\\st3\\Zotero\\storage\\NGLV4TBY\\S0720048X24001475.html:text/html,,,,0720-048X,,European Journal of Radiology,"Humans, Adult, Aged, Female, Middle Aged, Survey, Breast Neoplasms, Artificial intelligence, Artificial Intelligence, Mammography, Early Detection of Cancer, Breast neoplasms, Mass screening, Questionnaires, Health Knowledge, Attitudes, Practice, Mass Screening, Norway, Surveys and Questionnaires",,,June,,,,111431,,,,,,,,Women’s attitudes and perspectives on the use of artificial intelligence in the assessment of screening mammograms,,https://www.sciencedirect.com/science/article/pii/S0720048X24001475,2024-07-05,175,2024
misc,valdenegro-toro_deeper_2022,"Neural networks are ubiquitous in many tasks, but trusting their predictions is an open issue. Uncertainty quantification is required for many applications, and disentangled aleatoric and epistemic uncertainties are best. In this paper, we generalize methods to produce disentangled uncertainties to work with different uncertainty quantification methods, and evaluate their capability to produce disentangled uncertainties. Our results show that: there is an interaction between learning aleatoric and epistemic uncertainty, which is unexpected and violates assumptions on aleatoric uncertainty, some methods like Flipout produce zero epistemic uncertainty, aleatoric uncertainty is unreliable in the out-of-distribution setting, and Ensembles provide overall the best disentangling quality. We also explore the error produced by the number of samples hyper-parameter in the sampling softmax function, recommending N {\textgreater} 100 samples. We expect that our formulation and results help practitioners and researchers choose uncertainty methods and expand the use of disentangled uncertainties, as well as motivate additional research into this topic.",,,"Comment: 8 pages, 12 figures, with supplementary. LatinX in CV Workshop @ CVPR 2022 Camera Ready",,,"Valdenegro-Toro, Matias and Saromo, Daniel",,,,10.48550/arXiv.2204.09308,,,,Full Text PDF:C\:\\Users\\st3\\Zotero\\storage\\ERWN4MSE\\Valdenegro-Toro and Saromo - 2022 - A Deeper Look into Aleatoric and Epistemic Uncerta.pdf:application/pdf;Snapshot:C\:\\Users\\st3\\Zotero\\storage\\UMPG3AEP\\2204.html:text/html,,,,,,,"Computer Science - Computer Vision and Pattern Recognition, Computer Science - Machine Learning",,,April,arXiv:2204.09308 [cs],,,,,,,arXiv,,,,A {Deeper} {Look} into {Aleatoric} and {Epistemic} {Uncertainty} {Disentanglement},,http://arxiv.org/abs/2204.09308,2025-05-16,,2022
misc,gal_dropout_2016,"Deep learning tools have gained tremendous attention in applied machine learning. However such tools for regression and classification do not capture model uncertainty. In comparison, Bayesian models offer a mathematically grounded framework to reason about model uncertainty, but usually come with a prohibitive computational cost. In this paper we develop a new theoretical framework casting dropout training in deep neural networks (NNs) as approximate Bayesian inference in deep Gaussian processes. A direct result of this theory gives us tools to model uncertainty with dropout NNs -- extracting information from existing models that has been thrown away so far. This mitigates the problem of representing uncertainty in deep learning without sacrificing either computational complexity or test accuracy. We perform an extensive study of the properties of dropout's uncertainty. Various network architectures and non-linearities are assessed on tasks of regression and classification, using MNIST as an example. We show a considerable improvement in predictive log-likelihood and RMSE compared to existing state-of-the-art methods, and finish by using dropout's uncertainty in deep reinforcement learning.",,,"Comment: 12 pages, 6 figures; fixed a mistake with standard error and added a new table with updated results (marked ""Update [October 2016]""); Published in ICML 2016",,,"Gal, Yarin and Ghahramani, Zoubin",,,,10.48550/arXiv.1506.02142,,,,Preprint PDF:C\:\\Users\\st3\\Zotero\\storage\\MGV9U4FT\\Gal and Ghahramani - 2016 - Dropout as a Bayesian Approximation Representing .pdf:application/pdf;Snapshot:C\:\\Users\\st3\\Zotero\\storage\\ZCBK9HPA\\1506.html:text/html,,,,,,,"Computer Science - Machine Learning, Statistics - Machine Learning",,,October,arXiv:1506.02142 [stat],,,,,,,arXiv,,,Dropout as a {Bayesian} {Approximation},Dropout as a {Bayesian} {Approximation}: {Representing} {Model} {Uncertainty} in {Deep} {Learning},,http://arxiv.org/abs/1506.02142,2025-05-16,,2016
misc,wang_calibration_2024,"Calibrating deep neural models plays an important role in building reliable, robust AI systems in safety-critical applications. Recent work has shown that modern neural networks that possess high predictive capability are poorly calibrated and produce unreliable model predictions. Though deep learning models achieve remarkable performance on various benchmarks, the study of model calibration and reliability is relatively underexplored. Ideal deep models should have not only high predictive performance but also be well calibrated. There have been some recent advances in calibrating deep models. In this survey, we review the state-of-the-art calibration methods and their principles for performing model calibration. First, we start with the definition of model calibration and explain the root causes of model miscalibration. Then we introduce the key metrics that can measure this aspect. It is followed by a summary of calibration methods that we roughly classify into four categories: post-hoc calibration, regularization methods, uncertainty estimation, and composition methods. We also cover recent advancements in calibrating large models, particularly large language models (LLMs). Finally, we discuss some open issues, challenges, and potential directions.",,,"Comment: 30 pages, Ongoing work",,,"Wang, Cheng",,,,10.48550/arXiv.2308.01222,,,,Preprint PDF:C\:\\Users\\st3\\Zotero\\storage\\GHRCQ8QN\\Wang - 2024 - Calibration in Deep Learning A Survey of the Stat.pdf:application/pdf;Snapshot:C\:\\Users\\st3\\Zotero\\storage\\JAXDK8F9\\2308.html:text/html,,,,,,,"Computer Science - Artificial Intelligence, Computer Science - Machine Learning",,,May,arXiv:2308.01222 [cs],,,,,,,arXiv,,,Calibration in {Deep} {Learning},Calibration in {Deep} {Learning}: {A} {Survey} of the {State}-of-the-{Art},,http://arxiv.org/abs/2308.01222,2025-05-16,,2024
misc,bilson_metrological_2025,"Machine learning (ML) classification models are increasingly being used in a wide range of applications where it is important that predictions are accompanied by uncertainties, including in climate and earth observation, medical diagnosis and bioaerosol monitoring. The output of an ML classification model is a type of categorical variable known as a nominal property in the International Vocabulary of Metrology (VIM). However, concepts related to uncertainty evaluation for nominal properties are not defined in the VIM, nor is such evaluation addressed by the Guide to the Expression of Uncertainty in Measurement (GUM). In this paper we propose a metrological conceptual uncertainty evaluation framework for ML classification, and illustrate its use in the context of two applications that exemplify the issues and have significant societal impact, namely, climate and earth observation and medical diagnosis. Our framework would enable an extension of the VIM and GUM to uncertainty for nominal properties, which would make both applicable to ML classification models.",,,"Comment: 47 pages, 7 figures",,,"Bilson, Samuel and Cox, Maurice and Pustogvar, Anna and Thompson, Andrew",,,,10.48550/arXiv.2504.03359,,,,Full Text PDF:C\:\\Users\\st3\\Zotero\\storage\\3PZJ7IYZ\\Bilson et al. - 2025 - A metrological framework for uncertainty evaluatio.pdf:application/pdf;Snapshot:C\:\\Users\\st3\\Zotero\\storage\\LLJ5776Q\\2504.html:text/html,,,,,,,Computer Science - Machine Learning,,,May,arXiv:2504.03359 [cs],,,,,,,arXiv,,,,A metrological framework for uncertainty evaluation in machine learning classification models,,http://arxiv.org/abs/2504.03359,2025-05-16,,2025
misc,thompson_analytical_2024,"Machine learning (ML) models are increasingly being used in metrology applications. However, for ML models to be credible in a metrology context they should be accompanied by principled uncertainty quantification. This paper addresses the challenge of uncertainty propagation through trained/fixed machine learning (ML) regression models. Analytical expressions for the mean and variance of the model output are obtained/presented for certain input data distributions and for a variety of ML models. Our results cover several popular ML models including linear regression, penalised linear regression, kernel ridge regression, Gaussian Processes (GPs), support vector machines (SVMs) and relevance vector machines (RVMs). We present numerical experiments in which we validate our methods and compare them with a Monte Carlo approach from a computational efficiency point of view. We also illustrate our methods in the context of a metrology application, namely modelling the state-of-health of lithium-ion cells based upon Electrical Impedance Spectroscopy (EIS) data",,,,,,"Thompson, Andrew",,,,10.48550/arXiv.2404.11224,,,,Full Text PDF:C\:\\Users\\st3\\Zotero\\storage\\ZWJDCB2S\\Thompson - 2024 - Analytical results for uncertainty propagation thr.pdf:application/pdf;Snapshot:C\:\\Users\\st3\\Zotero\\storage\\A7MW4TDZ\\2404.html:text/html,,,,,,,"Computer Science - Machine Learning, Statistics - Machine Learning",,,May,arXiv:2404.11224 [cs],,,,,,,arXiv,,,,Analytical results for uncertainty propagation through trained machine learning regression models,,http://arxiv.org/abs/2404.11224,2025-05-16,,2024
misc,NHS_AI_deskilling,Deskill may occur due to reliance on artificial intelligence (AI) technologies.,,,,,,,,,,,,,,,,,,,,"NHS England {\textbar} Workforce, training and education {\textbar} Digital Transformation",,en,,,,,,,,,,,,,,"4.3 {The} risk of deskilling {\textbar} {Workforce}, training and education {\textbar} {NHS} {England}",,https://digital-transformation.hee.nhs.uk/building-a-digital-workforce/dart-ed/horizon-scanning/developing-healthcare-workers-confidence-in-ai/chapter-4-workforce-transformation/the-risk-of-deskilling,2025-05-16,,
techreport,ref1,,,,,,,{National Institute of Standards and Technology},,,,10.6028/NIST.AI.100-1,,,,,,"U.S. Department of Commerce, Washington, D.C.",,,,,,,,,,NIST AI 100-1,,,,,,,,,,Artificial Intelligence Risk Management Framework (AI RMF 1.0),,https://doi.org/10.6028/NIST.AI.100-1,,,2023
techreport,ref2,,,,,,,{National Institute of Standards and Technology},,,,,,,,,,"U.S. Department of Commerce, Washington, D.C.",,,,,,,,,,NIST AI 600-1,,,,,,,,,,Artificial Intelligence Risk Management Framework: Generative Artificial Intelligence Profile,,https://nvlpubs.nist.gov/nistpubs/ai/NIST.AI.600-1.pdf,,,2024
misc,ref3,,,,,arXiv,,Steve Yadlowsky and Lyric Doshi and Nilesh Tripuraneni,,,,,,,2311.00871,,,,,,,,,,,,,,,,,,cs.LG,,,,,Pretraining Data Mixtures Enable Narrow Model Selection Capabilities in Transformer Models,,https://arxiv.org/abs/2311.00871,,,2023
misc,ref4,,,,,arXiv,,Albert Webson and Alyssa Marie Loo and Qinan Yu and Ellie Pavlick,,,,,,,2301.07085,,,,,,,,,,,,,,,,,,cs.CL,,,,,Are Language Models Worse than Humans at Following Prompts? It's Complicated,,https://arxiv.org/abs/2301.07085,,,2023
misc,ref5,,,,,arXiv,,Anna A. Ivanova,,,,,,,2312.01276,,,,,,,,,,,,,,,,,,cs.AI,,,,,Toward best research practices in AI Psychology,,https://arxiv.org/abs/2312.01276,,,2024
article,ref6,,,,,,,"Mart{\'\i}nez, E.",,,,10.1177/20539517241290220,,,,,,,,,,Artificial Intelligence and Law,,,,,,,,1--24,,,,,,,,Re-evaluating {GPT-4}'s bar exam performance,,https://doi.org/10.1177/20539517241290220,,30,2024
misc,ref7,,,,,arXiv,,Laura Weidinger and Maribeth Rauh and Nahema Marchal and Arianna Manzini and Lisa Anne Hendricks and Juan Mateos-Garcia and Stevie Bergman and Jackie Kay and Conor Griffin and Ben Bariach and Iason Gabriel and Verena Rieser and William Isaac,,,,,,,2310.11986,,,,,,,,,,,,,,,,,,cs.AI,,,,,Sociotechnical Safety Evaluation of Generative AI Systems,,https://arxiv.org/abs/2310.11986,,,2023
misc,ref8,,,,,arXiv,,Nathaniel Li and Alexander Pan and Anjali Gopal and Summer Yue and Daniel Berrios and Alice Gatti and Justin D. Li and Ann-Kathrin Dombrowski and Shashwat Goel and Long Phan and Gabriel Mukobi and Nathan Helm-Burger and Rassin Lababidi and Lennart Justen and Andrew B. Liu and Michael Chen and Isabelle Barrass and Oliver Zhang and Xiaoyuan Zhu and Rishub Tamirisa and Bhrugu Bharathi and Adam Khoja and Zhenqi Zhao and Ariel Herbert-Voss and Cort B. Breuer and Samuel Marks and Oam Patel and Andy Zou and Mantas Mazeika and Zifan Wang and Palash Oswal and Weiran Lin and Adam A. Hunt and Justin Tienken-Harder and Kevin Y. Shih and Kemper Talley and John Guan and Russell Kaplan and Ian Steneker and David Campbell and Brad Jokubaitis and Alex Levinson and Jean Wang and William Qian and Kallol Krishna Karmakar and Steven Basart and Stephen Fitz and Mindy Levine and Ponnurangam Kumaraguru and Uday Tupakula and Vijay Varadharajan and Ruoyu Wang and Yan Shoshitaishvili and Jimmy Ba and Kevin M. Esvelt and Alexandr Wang and Dan Hendrycks,,,,,,,2403.03218,,,,,,,,,,,,,,,,,,cs.LG,,,,,The WMDP Benchmark: Measuring and Reducing Malicious Use With Unlearning,,https://arxiv.org/abs/2403.03218,,,2024
article,ref9,,,,,,,"Gebru, T. and others",,,,10.1145/3458723,,,,,,,,,,Communications of the ACM,,,,,,12,,86--92,,,,,,,,Datasheets for datasets,,https://doi.org/10.1145/3458723,,64,2018
article,ref10,,,,,,,"D'Amour, A. and others",,,,10.48550/arXiv.2011.03395,,,,,,,,,,Journal of Machine Learning Research,,,,,,226,,1--61,,,,,,,,Underspecification presents challenges for credibility in modern machine learning,,https://doi.org/10.48550/arXiv.2011.03395,,23,2022
misc,ref11,,,,,arXiv,,El-Mahdi El-Mhamdi and Sadegh Farhadkhani and Rachid Guerraoui and Nirupam Gupta and Lê-Nguyên Hoang and Rafael Pinot and Sébastien Rouault and John Stephan,,,,,,,2209.15259,,,,,,,,,,,,,,,,,,cs.LG,,,,,On the Impossible Safety of Large AI Models,,https://arxiv.org/abs/2209.15259,,,2023
misc,ref12,,,,,arXiv,,"Bai, Y. and others",,,,,,,2204.05862,,,,,,,,,,,,,,,,,,cs.CL,,,,,Training a Helpful and Harmless Assistant with Reinforcement Learning from Human Feedback,,https://arxiv.org/abs/2204.05862,,,2022
inproceedings,ref13,,,,,,,"Selbst, A. D. and others","Proceedings of the Conference on Fairness, Accountability, and Transparency",,,10.1145/3287560.3287598,,,,,,,,,,,,,,,,,,59--68,,,,,,,,Fairness and abstraction in sociotechnical systems,,https://doi.org/10.1145/3287560.3287598,,,2019
misc,ref14,,,,,,,{OpenAI},,,,,,,,,,,,,,,,,,,,,,,,,,,,,,Democratic Inputs to AI Grant Program: Lessons Learned and Implementation Plans,,https://openai.com/index/democratic-inputs-to-ai-grant-program-update/,,,2014
misc,ref15,,,,,,,"Nelson, A.",,,,,,,,,\url{https://www.youtube.com/watch?v=Sq_XwqVTqvQ},,,,,,,,,,,,,,,,,,,,,"FAccT'23 Keynote: ""Thick Alignment""",,,,,2023
misc,ref16,,,,,arXiv,,Ilia Shumailov and Zakhar Shumaylov and Yiren Zhao and Yarin Gal and Nicolas Papernot and Ross Anderson,,,,,,,2305.17493,,,,,,,,,,,,,,,,,,cs.LG,,,,,The Curse of Recursion: Training on Generated Data Makes Models Forget,,https://arxiv.org/abs/2305.17493,,,2024
misc,ref17,,,,,,,"Hoffmann, M. and Frase, H.",,,,,,,,,\url{https://cset.georgetown.edu/publication/adding-structure-to-ai-harm/},,,,,,,,,,,,,,,,,,,,,Adding Structure to AI Harm: An Introduction to CSET's AI Harm Framework,,,,,2023
inproceedings,ref18,,,,,,,"Wang, Z. and Liu, C. and Cui, X.","2021 IEEE Symposium on Computers and Communications (ISCC, Athens, Greece)",,,10.1109/ISCC53001.2021.9631425,,,,,,,,,,,,,,,,,,1--7,,,,,,,,EvilModel: Hiding malware inside of neural network models,,https://doi.org/10.1109/ISCC53001.2021.9631425,,,2021
inproceedings,ref19,,,,,,,"Aïvodji, U. and others",Proceedings of the International Conference on Machine Learning,,,10.48550/arXiv.1901.09749,,,,,,,,,,,,,,,,,,161--170,,,,,,,,Fairwashing: the risk of rationalization,,https://doi.org/10.48550/arXiv.1901.09749,,,2019
inproceedings,ref20,,,,,,,"Baniecki, H. and Kretowicz, W. and Biecek, P.",European Conference on Machine Learning and Knowledge Discovery in Databases,,,10.48550/arXiv.2105.12837,,,,,,,,,,,,,,,,,,121--136,,,,,,,,Fooling partial dependence via data poisoning,,https://doi.org/10.48550/arXiv.2105.12837,,,2022
inproceedings,ref21,,,,,,,"Slack, D. and others","AAAI/ACM Conference on AI, Ethics, and Society",,,10.48550/arXiv.1911.02508,,,,,,,,,,,,,,,,,,180--186,,,,,,,,Fooling LIME and SHAP: Adversarial attacks on post hoc explanation methods,,https://doi.org/10.48550/arXiv.1911.02508,,,2020
techreport,ref22,,,,,,,Reva Schwartz and Apostol Vassilev and Kristen Greene and Lori Perine and Andrew Burt and Patrick Hall,,,,10.6028/NIST.SP.1270,,,,,,"National Institute of Standards and Technology, Gaithersburg, MD",,,,,,,,,,NIST SP 1270,,,,,,,,,,Towards a Standard for Identifying and Managing Bias in Artificial Intelligence,,https://doi.org/10.6028/NIST.SP.1270,,,2022
techreport,ref23,,,,,,,"Theofanos, M. and Choong, Y. and Jensen, T.",,,,10.6028/NIST.AI.200-1,,,,,,"National Institute of Standards and Technology, Gaithersburg, MD",,,,,,,,,,NIST AI 200-1,,,,,,,,,,AI Use Taxonomy: A Human-Centered Approach,,https://doi.org/10.6028/NIST.AI.200-1,,,2024
techreport,ref24,,,,,,,Scientific Integrity Framework Interagency Working Group of the National Science and Technology Council,,,,,,,,,,National Science and Technology Council,,,,,,,,,,,,,,,,,,,,A Framework for Federal Scientific Integrity Policy and Practice,,https://www.whitehouse.gov/wp-content/uploads/2023/01/01-2023-Framework-for-Federal-Scientific-Integrity-Policy-and-Practice.pdf,,,2023
misc,ref25,,,,,arXiv,,Sayash Kapoor and Arvind Narayanan,,,,,,,2207.07048,,,,,,,,,,,,,,,,,,cs.LG,,,,,Leakage and the Reproducibility Crisis in ML-based Science,,https://arxiv.org/abs/2207.07048,,,2022
misc,ref26and34,,,,,arXiv,,"Liang, P. and others",,,,,,,2211.09110,,,,,,,,,,,,,,,,,,cs.CL,,,,,Holistic Evaluation of Language Models,,https://arxiv.org/abs/2211.09110,,,2023
misc,ref27,,,,,,,"Kapoor, S. and Narayanan, A.",,,,,,,,,\url{https://www.aisnakeoil.com/p/openais-policies-hinder-reproducible},,,,,,,,,,,,,,,,,,,,,OpenAI’s Policies Hinder Reproducible Research on Language Models,,,,,2023
misc,ref28,,,,,arXiv,,Jesse Dodge and Suchin Gururangan and Dallas Card and Roy Schwartz and Noah A. Smith,,,,,,,1909.03004,,,,,,,,,,,,,,,,,,cs.LG,,,,,Show Your Work: Improved Reporting of Experimental Results,,https://arxiv.org/abs/1909.03004,,,2019
misc,ref29,,,,,arXiv,,Anna Rogers and Tim Baldwin and Kobi Leins,,,,,,,2109.06598,,,,,,,,,,,,,,,,,,cs.CL,,,,,"Just What do You Think You're Doing, Dave?' A Checklist for Responsible Data Use in NLP",,https://arxiv.org/abs/2109.06598,,,2021
misc,ref30,,,,,arXiv,,Cheng Wang,,,,,,,2308.01222,,,,,,,,,,,,,,,,,,cs.LG,,,,,Calibration in Deep Learning: A Survey of the State-of-the-Art,,https://arxiv.org/abs/2308.01222,,,2024
inproceedings,ref31,,,,,,,"Deng, J. and others",IEEE Conference on Computer Vision and Pattern Recognition,,,10.1109/CVPR.2009.5206848,,,,,,,,,,,,,,,,,,248--255,,,,,,,,ImageNet: A large-scale hierarchical image database,,https://doi.org/10.1109/CVPR.2009.5206848,,,2009
misc,ref32,,,,,,,"LeCun, Y. and Cortes, C. and Burges, C. J. C.",,,,,,,,,\url{https://yann.lecun.com/exdb/mnist/},,,,,,,,,,,,,,,,,,,,,The MNIST Database Of Handwritten Digits,,,,,1998
misc,ref33,,,,,,,"Gao, L. and others",,,,,,,,,\url{https://github.com/EleutherAI/lm-evaluation-harness},,,,,,,,,,,,,,,,,,,,,A Framework for Few-Shot Language Model Evaluation,,,,,2021
misc,ref35,,,,,arXiv,,"Srivastava, A. and others",,,,,,,2206.04615,,,,,,,,,,,,,,,,,,cs.CL,,,,,Beyond the Imitation Game: Quantifying and extrapolating the capabilities of language models,,https://arxiv.org/abs/2206.04615,,,2023
misc,ref36,,,,,arXiv,,Patrick Chao and Alexander Robey and Edgar Dobriban and Hamed Hassani and George J. Pappas and Eric Wong,,,,,,,2310.08419,,,,,,,,,,,,,,,,,,cs.LG,,,,,Jailbreaking Black Box Large Language Models in Twenty Queries,,https://arxiv.org/abs/2310.08419,,,2024
misc,ref37,,,,,,,"Duan, M. and others",,,,,,,,,arXiv preprint arXiv:2402.07841,,,,,,,,,,Feb 12,,,,,,,,,,,Do membership inference attacks work on large language models?,,,,,2024
techreport,ref38,,,,,,,Reva Schwartz and Jonathan Fiscus and Kristen Greene and Gabriella Waters and Rumman Chowdhury and Theodore Jensen and Craig Greenberg and Afzal Godil and Razvan Amironesei and Patrick Hall and Shomik Jain,,,,,,,,,,"National Institute of Standards and Technology, Gaithersburg, MD",,,,,,,,,\url{https://ai-challenges.nist.gov/aria/docs/evaluation_plan.pdf},,,,,,,,,,,The NIST Assessing Risks and Impacts of AI (ARIA) Pilot Evaluation Plan,,,,,2024
misc,ref39,,,,,arXiv,,Pengfei Li and Jianyi Yang and Mohammad A. Islam and Shaolei Ren,,,,,,,2304.03271,,,,,,,,,,,,,,,,,,cs.LG,,,,,"Making AI Less ""Thirsty"": Uncovering and Addressing the Secret Water Footprint of AI Models",,https://arxiv.org/abs/2304.03271,,,2025
article,ref40,,,,,,,"Donoho, D.",,,,10.1080/10618600.2017.1384734,,,,,,,,,,Journal of Computational and Graphical Statistics,,,,,,4,,745--766,,,,,,,,50 years of data science,,https://doi.org/10.1080/10618600.2017.1384734,,26,2017
inproceedings,ref41,,,,,,,"Li, C. and Flanigan, J.",Proceedings of the AAAI Conference on Artificial Intelligence,,,10.48550/arXiv.2312.16337,,,,,,,,,,,,,,,,,,18471--18480,,,,,,,,Task contamination: Language models may not be few-shot anymore,,https://doi.org/10.48550/arXiv.2312.16337,,,2024
book,ref42,,,"Birmingham, UK",,,,"Rehberger, J.",,,,,1st,,,,,,,,,,,,,,,,,,,,,Packt Publishing,,,,Cybersecurity Attacks - Red Team Strategies,,,,,2020
misc,ref43,,,,,,,"Longbine, D. F.",,,,,,,,,\url{https://apps.dtic.mil/sti/citations/ADA485514},,,,,,,,,,,,,,,,,,,,,Red Teaming: Past and Present,,,,,2021
misc,ref44,,,,,,,{Frontier Model Forum},,,,,,,,,\url{https://www.frontiermodelforum.org/uploads/2023/10/FMF-AI-Red-Teaming.pdf},,,,,,,,,,,,,,,,,,,,,Frontier Model Forum: What is Red Teaming?,,,,,2023
misc,ref45,,,,,,,{Meta},,,,,,,,,\url{https://ai.meta.com/blog/facebooks-five-pillars-of-responsible-ai/},,,,,,,,,,,,,,,,,,,,,Facebook’s Five Pillars of Responsible AI,,,,,2021
misc,ref46,,,,,,,"Mislove, A.",,,,,,,,,\url{https://www.whitehouse.gov/ostp/news-updates/2023/08/29/red-teaming-large-language-models-to-identify-novel-ai-risks/},,,,,,,,,,,,,,,,,,,,,Red-Teaming Large Language Models to Identify Novel AI Risks,,,,,2023
article,ref47,,,,,,,"Centola, D.",,,,,,,,,,,,,,Trends in Cognitive Sciences,,,,,,11,,923--941,,,,,,,,The network science of collective intelligence,,https://pubmed.ncbi.nlm.nih.gov/36180361/,,26,2022
article,ref48,,,,,,,"Stadler, C. and Rajwani, T. and Karaba, F.",,,,10.1111/ijmr.12015,,,,,,,,,,International Journal of Management Reviews,,,,,,2,,172--193,,,,,,,,Solutions to the exploration/exploitation dilemma: networks as a new level of analysis,,https://doi.org/10.1111/ijmr.12015,,16,2013
article,ref49,,,,,,,"Mason, W. and Watts, D. J.",,,,10.1073/pnas.1110069108,,,,,,,,,,Proceedings of the National Academy of Sciences,,,,,,3,,764--769,,,,,,,,Collaborative learning in networks,,https://doi.org/10.1073/pnas.1110069108,,109,2012
article,ref50,,,,,,,"Woolley, A. W. and Aggarwal, I. and Malone, T. W.",,,,10.1177/0963721415599543,,,,,,,,,,Current Directions in Psychological Science,,,,,,6,,420--424,,,,,,,,Collective intelligence and group performance,,https://doi.org/10.1177/0963721415599543,,24,2015
misc,ref51,,,,,,,{The Royal Society},,,,,,,,,\url{https://royalsociety.org/science-events-and-lectures/2023/10/ai-safety-science-redteam/},,,,,,,,,,,,,,,,,,,,,Science x AI Safety: Red Teaming LLMs for Resilience to Scientific Disinformation,,,,,2023
misc,ref52,,,,,,,{Hack the Future},,,,,,,,,\url{https://www.hackthefuture.com/news/generative-red-team-challenge-opens-next-friday-at-def-con-31},,,,,,,,,,,,,,,,,,,,,Generative Red Team Challenge Opens Next Friday at DEF CON 31,,,,,2023
misc,ref53,,,,,arXiv,,Mikayel Samvelyan and Sharath Chandra Raparthy and Andrei Lupu and Eric Hambro and Aram H. Markosyan and Manish Bhatt and Yuning Mao and Minqi Jiang and Jack Parker-Holder and Jakob Foerster and Tim Rocktäschel and Roberta Raileanu,,,,,,,2402.16822,,,,,,,,,,,,,,,,,,cs.CL,,,,,Rainbow Teaming: Open-Ended Generation of Diverse Adversarial Prompts,,https://arxiv.org/abs/2402.16822,,,2024
misc,ref54,,,,,,,"Chowdhury, R. and Williams, J.",,,,,,,,,\url{https://blog.x.com/engineering/en_us/topics/insights/2021/algorithmic-bias-bounty-challenge},,,,,,,,,,,,,,,,,,,,,Introducing Twitter’s First Algorithmic Bias Bounty Challenge,,,,,2021
misc,ref55,,,,,,,{Microsoft},,,,,,,,,\url{https://www.microsoft.com/en-us/msrc/bounty-ai},,,,,,,,,,,,,,,,,,,,,Microsoft AI Bounty Program,,,,,
article,ref56,,,,,,,"Dobbe, R. and Gilbert, T. K. and Mintz, Y.",,,,10.48550/arXiv.2106.11022,,,,,,,,,,Artificial Intelligence,,,,,,,,103555,,,,,,,,Hard choices in artificial intelligence,,https://arxiv.org/abs/2106.11022,,300,2021
misc,ref57,,,,,,,"Thomas, R. and Uminsky, D.",,,,,,,,,\url{https://arxiv.org/pdf/2002.08512},,,,,,,,,,,,,,,,,,,,,Reliance on Metrics is a Fundamental Challenge for AI,,,,,2020
misc,ref58,,,,,,,{Bugcrowd},,,,,,,,,\url{https://bugcrowd.com/conductorai-ogbb?preview=ae06c13f786e06a1f9ff03d74230b7d5},,,,,,,,,,,,,,,,,,,,,ConductorAI - Bias Bounty Program,,,,,
misc,ref59,,,,,,,"Vela, E. and others",,,,,,,,,\url{https://security.googleblog.com/2023/10/googles-reward-criteria-for-reporting.html},,,,,,,,,,,,,,,,,,,,,Google’s Reward Criteria for Reporting Bugs in AI Products,,,,,2023
misc,ref60,,,,,arXiv,,Ethan Perez and Saffron Huang and Francis Song and Trevor Cai and Roman Ring and John Aslanides and Amelia Glaese and Nat McAleese and Geoffrey Irving,,,,,,,2202.03286,,,,,,,,,,,,,,,,,,cs.CL,,,,,Red Teaming Language Models with Language Models,,https://arxiv.org/abs/2202.03286,,,2022
misc,ref61,,,,,arXiv,,"Achiam, J. and others",,,,,,,2303.08774,,,,,,,,,,,,,,,,,,cs.CL,,,,,GPT-4 technical report,,https://arxiv.org/abs/2303.08774,,,2024
inproceedings,ref62,,,,,,,"Carlini, N. and others",30th USENIX Security Symposium,,,,,,,,,,,,,,,,,,,,,,,,,,,,,Extracting training data from large language models,,https://www.usenix.org/conference/usenixsecurity21/presentation/carlini-extracting,,,2021
misc,ref63and79,,,,,arXiv,,Nicholas Carlini and Daphne Ippolito and Matthew Jagielski and Katherine Lee and Florian Tramer and Chiyuan Zhang,,,,,,,2202.07646,,,,,,,,,,,,,,,,,,cs.LG,,,,,Quantifying Memorization Across Neural Language Models,,https://arxiv.org/abs/2202.07646,,,2023
misc,ref64,,,,,arXiv,,Nicholas Carlini and Daniel Paleka and Krishnamurthy Dj Dvijotham and Thomas Steinke and Jonathan Hayase and A. Feder Cooper and Katherine Lee and Matthew Jagielski and Milad Nasr and Arthur Conmy and Itay Yona and Eric Wallace and David Rolnick and Florian Tramèr,,,,,,,2403.06634,,,,,,,,,,,,,,,,,,cs.CR,,,,,Stealing Part of a Production Language Model,,https://arxiv.org/abs/2403.06634,,,2024
misc,ref65,,,,,,,{Embrace The Red},,,,,,,,,\url{https://embracethered.com/blog/posts/2023/bing-chat-data-exfiltration-poc-and-fix/},,,,,,,,,,,,,,,,,,,,,Bing Chat: Data Exfiltration Exploit Explained,,,,,2023
inproceedings,ref66,,,,,,,"Greshake, K. and others",16th ACM Workshop on Artificial Intelligence and Security,,,,,,,,,,,,,,,,,,,,,79--90,,,,,,,,Not what you've signed up for: Compromising real-world LLM-integrated applications with indirect prompt injection,,https://arxiv.org/abs/2302.12173,,,2023
misc,ref67,,,,,arXiv,,Robin Staab and Mark Vero and Mislav Balunović and Martin Vechev,,,,,,,2310.07298,,,,,,,,,,,,,,,,,,cs.AI,,,,,Beyond Memorization: Violating Privacy Via Inference with Large Language Models,,https://arxiv.org/abs/2310.07298,,,2024
article,ref68,,,,,,,"Barreno, M. and others",,,,10.1007/s10994-010-5188-5,,,,,,,,,,Machine Learning,,,,,,,,121--148,,,,,,,,The security of machine learning,,https://link.springer.com/article/10.1007/s10994-010-5188-5,,81,2010
misc,ref69,,,,,arXiv,,Leon Derczynski and Erick Galinkin and Jeffrey Martin and Subho Majumdar and Nanna Inie,,,,,,,2406.11036,,,,,,,,,,,,,,,,,,cs.CL,,,,,garak: A Framework for Security Probing Large Language Models,,https://arxiv.org/abs/2406.11036,,,2024
misc,ref70,,,,,,,"Hall, P. and Atherton, D.",,,,,,,,,\url{https://github.com/jphall663/awesome-machine-learning-interpretability},,,,,,,,,,,,,,,,,,,,,Awesome Machine Learning Interpretability,,,,,2024
misc,ref71,,,,,,,"Saravia, E.",,,,,,,,,\url{https://github.com/dair-ai/Prompt-Engineering-Guide},,,,,,,,,,,,,,,,,,,,,DAIR-AI Prompt Engineering Guide,,,,,2024
misc,ref72,,,,,,,"Storchan, V. and others",,,,,,,,,\url{https://www.scribd.com/document/748509452/2024-Generative-AI-Red-Teaming-Transparency-Report},,,,,,,,,,,,,,,,,,,,,Generative AI Red Teaming Challenge: Transparency Report,,,,,2024
misc,ref73,,,,,,,{HuggingFace},,,,,,,,,\url{https://huggingface.co/spaces/hallucinations-leaderboard/leaderboard},,,,,,,,,,,,,,,,,,,,,Hallucinations Leaderboard,,,,,
misc,ref74,,,,,,,"Huang, Y. and others",,,,,,,,,"Advances in Neural Information Processing Systems, 13;36",,,,,,,,,,,,,,,,,,,,,C-eval: A multi-level multi-discipline Chinese evaluation suite for foundation models,,https://arxiv.org/abs/2305.08322,,,2024
misc,ref75,,,,,,,"Lenaerts-Bergmans, B.",,,,,,,,,\url{https://www.crowdstrike.com/cybersecurity-101/cyberattacks/data-poisoning/},,,,,,,,,,,,,,,,,,,,,Data Poisoning: The Exploitation of Generative AI,,,,,2024
article,ref76,,,,,,,"Bommasani, R. and Liang, P. and Lee, T.",,,,10.1111/nyas.15007,,,,,,,,,,Annals of the New York Academy of Sciences,,,,,,1,,140--146,,,,,,,,Holistic evaluation of language models,,https://nyaspubs.onlinelibrary.wiley.com/doi/abs/10.1111/nyas.15007,,1525,2023
misc,ref77,,,,,,,"Wang, B. and others",,,,10.48550/arXiv.2306.11698,,,,,"Advances in Neural Information Processing Systems, 36",,,,,,,,,,,,,,,,,,,,,DecodingTrust: A comprehensive assessment of trustworthiness in GPT models,,https://doi.org/10.48550/arXiv.2306.11698,,,2024
article,ref78,,,,,,,"Bertrand, M. and Mullainathan, S.",,,,,,,,,,,,,,The American Economic Review,,,,,,4,,991--1013,,,,,,,,Are Emily and Greg more employable than Lakisha and Jamal? A field experiment on labor market discrimination,,https://www.jstor.org/stable/3592802,,94,2004
inproceedings,ref80,,,,,,,"Luccioni, S. and Jernite, Y. and Strubell, E.","ACM Conference on Fairness, Accountability, and Transparency",,,,,,,,,,,,,,,,,,,,,85--99,,,,,,,,Power hungry processing: Watts driving the cost of AI deployment?,,https://arxiv.org/pdf/2311.16863,,,2024
inproceedings,ref81,,,,,,,"Bianchi, F. and others","ACM Conference on Fairness, Accountability, and Transparency",,,10.1145/3593013.3594095,,,,,,,,,,,,,,,,,,1493--1504,,,,,,,,Easily accessible text-to-image generation amplifies demographic stereotypes at large scale,,https://dl.acm.org/doi/10.1145/3593013.3594095,,,2023
inproceedings,ref82,,,,,,,"Bandarkar, Lucas and Liang, Davis and Muller, Benjamin and Artetxe, Mikel and Shukla, Satya Narayan and Husa, Donald and Goyal, Naman and Krishnan, Abhinandan and Zettlemoyer, Luke and Khabsa, Madian",Proceedings of the 62nd Annual Meeting of the Association for Computational Linguistics (Volume 1: Long Papers),,,10.18653/v1/2024.acl-long.44,,,,,,,,,,,,,,,,,,749–775,,,,Association for Computational Linguistics,,,,The Belebele Benchmark: a Parallel Reading Comprehension Dataset in 122 Language Variants,,http://dx.doi.org/10.18653/v1/2024.acl-long.44,,,2024
misc,ref83,,,,,,,"Bommasani, R. and others",,,,,,,,,"Advances in Neural Information Processing Systems, 35",,,,,,,,,,,,,3663--3678,,,,,,,,Picking on the same person: Does algorithmic monoculture lead to outcome homogenization?,,https://arxiv.org/abs/2211.13972,,,2022
misc,ref84,,,,,arXiv,,Julien Piet and Chawin Sitawarin and Vivian Fang and Norman Mu and David Wagner,,,,,,,2312.00273,,,,,,,,,,,,,,,,,,cs.CR,,,,,Mark My Words: Analyzing and Evaluating Language Model Watermarks,,https://arxiv.org/abs/2312.00273,,,2024
misc,ref85,,,,,,,{The Royal Society},,,,,,,,,\url{https://royalsociety.org/news-resources/publications/2024/red-teaming-llms-for-resilience-to-scientific-disinformation/},,,,,,,,,,,,,,,,,,,,,Red Teaming Large Language Models (LLMs) for Resilience to Scientific Disinformation,,,,,2024
misc,ref86,,,,,arXiv,,Yangsibo Huang and Samyak Gupta and Mengzhou Xia and Kai Li and Danqi Chen,,,,,,,2310.06987,,,,,,,,,,,,,,,,,,cs.CL,,,,,Catastrophic Jailbreak of Open-source LLMs via Exploiting Generation,,https://arxiv.org/abs/2310.06987,,,2023
misc,ref87,,,,,arXiv,,Anay Mehrotra and Manolis Zampetakis and Paul Kassianik and Blaine Nelson and Hyrum Anderson and Yaron Singer and Amin Karbasi,,,,,,,2312.02119,,,,,,,,,,,,,,,,,,cs.LG,,,,,Tree of Attacks: Jailbreaking Black-Box LLMs Automatically,,https://arxiv.org/abs/2312.02119,,,2024
inproceedings,ref88,,,,,,,"Shen, X. and others",ACM SIGSAC Conference on Computer and Communications Security,,,,,,,,,,,,,,,,,,,,,1671--1685,,,,,,,,Do anything now: Characterizing and evaluating in-the-wild jailbreak prompts on large language models,,https://arxiv.org/abs/2308.03825,,,2024
misc,ref89,,,,,arXiv,,Zhiyuan Yu and Xiaogeng Liu and Shunning Liang and Zach Cameron and Chaowei Xiao and Ning Zhang,,,,,,,2403.17336,,,,,,,,,,,,,,,,,,cs.CR,,,,,Don't Listen To Me: Understanding and Exploring Jailbreak Prompts of Large Language Models,,https://arxiv.org/abs/2403.17336,,,2024
misc,ref90,,,,,arXiv,,Weijia Shi and Anirudh Ajith and Mengzhou Xia and Yangsibo Huang and Daogao Liu and Terra Blevins and Danqi Chen and Luke Zettlemoyer,,,,,,,2310.16789,,,,,,,,,,,,,,,,,,cs.CL,,,,,Detecting Pretraining Data from Large Language Models,,https://arxiv.org/abs/2310.16789,,,2024
inproceedings,ref91,,,,,,,"Shumailov, I. and others",IEEE European Symposium on Security and Privacy (EuroS\&P),,,,,,,,,,,,,,,,,,,,,212--231,,,,,,,,Sponge examples: Energy-latency attacks on neural networks,,https://arxiv.org/abs/2006.03463,,,2021
article,ref92,,,,,,,"de Wynter, A. and others",,,,10.1016/j.nlp.2023.100024,,,,,,,,,,Natural Language Processing Journal,,,,,,,,100024,,,,,,,,An evaluation on large language model outputs: Discourse and memorization,,https://doi.org/10.1016/j.nlp.2023.100024,,4,2023
misc,ref93,,,,,,,"Blaire, B. and others",,,,,,,,,\url{https://www.dlapiper.com/-/media/project/dlapiper-tenant/dlapiper/pdf/dla-piper---white-paper---ai-legal-red-teaming.pdf},,,,,,,,,,,,,,,,,,,,,Legal Red Teaming: A Systematic Approach to Assessing Legal Risk of Generative AI Models,,,,,2024
misc,ref94,,,,,,,"Atherton, D.",,,,,,,,,\url{https://incidentdatabase.ai/blog/deepfakes-and-child-safety/},,,,,,,,,,,,,,,,,,,,,Deepfakes and Child Safety: A Survey and Analysis of 2023 Incidents and Responses,,,,,2024
misc,ref95,,,,,,,"Thiel, D.",,,,,,,,,\url{https://purl.stanford.edu/kh752sm9123},,,,,,,,,,,,,,,,,,,,,Identifying and Eliminating CSAM in Generative ML Training Data and Models,,,,,2023
misc,ref96,,,,,,,"Kohavi, R. and Provost, F.",,,,,,,,,\url{http://robotics.stanford.edu/~ronnyk/glossary.html},,,,,,,,,,,,,,,,,,,,,Glossary of Terms Special Issue on Applications of Machine Learning and the Knowledge Discovery Process,,,,,1998
misc,ref97,,,,,arXiv,,Alexandra Chouldechova and Chad Atalla and Solon Barocas and A. Feder Cooper and Emily Corvi and P. Alex Dow and Jean Garcia-Gathright and Nicholas Pangakis and Stefanie Reed and Emily Sheng and Dan Vann and Matthew Vogel and Hannah Washington and Hanna Wallach,,,,,,,2412.01934,,,,,,,,,,,,,,,,,,cs.CY,,,,,"A Shared Standard for Valid Measurement of Generative AI Systems' Capabilities, Risks, and Impacts",,https://arxiv.org/abs/2412.01934,,,2024
article,ref98,,,,,,,"Wang, S. and Cooper, N. and Eby, M.",,,,10.1177/20539517241290220,,,,,,,,,,Big Data \& Society,,,,,,4,,,,,,,,,,From human-centered to social-centered artificial intelligence: Assessing ChatGPT’s impact through disruptive events,,https://doi.org/10.1177/20539517241290220,,11,2024
article,ref99,,,,,,,"Shen, Yongliang and Song, Kaitao and Tan, Xu and Zhang, Wenqi and Ren, Kan and Yuan, Siyu and Lu, Weiming and Li, Dongsheng and Zhuang, Yueting",,,,,,,,,,,,,,Advances in Neural Information Processing Systems,,,,,,,,4540--4574,,,,,,,,Taskbench: Benchmarking large language models for task automation,,,,37,2024
article,ref100,,,,,,,"Zhu, Kaijie and Zhao, Qinlin and Chen, Hao and Wang, Jindong and Xie, Xing",,,,,,,,,,,,,,Journal of Machine Learning Research,,,,,,254,,1--22,,,,,,,,Promptbench: A unified library for evaluation of large language models,,,,25,2024
inproceedings,ref101,,,,,,,"Liang, Zijing and Xu, Yanjie and Hong, Yifan and Shang, Penghui and Wang, Qi and Fu, Qiang and Liu, Ke","Proceedings of the 3rd International Conference on Computer, Artificial Intelligence and Control Engineering",,,,,,,,,,,,,,,,,,,,,405--409,,,,,,,,A Survey of Multimodel Large Language Models,,,,,2024
inproceedings,ref102,,,,,,,"Wang, Boxin and Chen, Weixin and Pei, Hengzhi and Xie, Chulin and Kang, Mintong and Zhang, Chenhui and Xu, Chejian and Xiong, Zidi and Dutta, Ritik and Schaeffer, Rylan and others",NeurIPS,,,,,,,,,,,,,,,,,,,,,,,,,,,,,DecodingTrust: A Comprehensive Assessment of Trustworthiness in GPT Models.,,,,,2023
article,ref103,,,,,,,"Chang, Yupeng and Wang, Xu and Wang, Jindong and Wu, Yuan and Yang, Linyi and Zhu, Kaijie and Chen, Hao and Yi, Xiaoyuan and Wang, Cunxiang and Wang, Yidong and others",,,,,,,,,,,,,,ACM transactions on intelligent systems and technology,,,,,,3,,1--45,,,,"ACM New York, NY",,,,A survey on evaluation of large language models,,,,15,2024
article,ref104,,,,,,,"Zhao, Yiran and Zhang, Jinghan and Chern, I and Gao, Siyang and Liu, Pengfei and He, Junxian and others",,,,,,,,,,,,,,Advances in Neural Information Processing Systems,,,,,,,,44502--44523,,,,,,,,Felm: Benchmarking factuality evaluation of large language models,,,,36,2023
article,ref105,,,,,,,"Abercrombie, Gavin and Benbouzid, Djalel and Giudici, Paolo and Golpayegani, Delaram and Hernandez, Julio and Noro, Pierre and Pandit, Harshvardhan and Paraschou, Eva and Pownall, Charlie and Prajapati, Jyoti and others",,,,,,,,,,,,,,arXiv preprint arXiv:2407.01294,,,,,,,,,,,,,,,,"A collaborative, human-centred taxonomy of ai, algorithmic, and automation harms",,,,,2024
inproceedings,ref106,,,,,,,"Shelby, Renee and Rismani, Shalaleh and Henne, Kathryn and Moon, AJung and Rostamzadeh, Negar and Nicholas, Paul and Yilla-Akbari, N'Mah and Gallegos, Jess and Smart, Andrew and Garcia, Emilio and others","Proceedings of the 2023 AAAI/ACM Conference on AI, Ethics, and Society",,,,,,,,,,,,,,,,,,,,,723--741,,,,,,,,Sociotechnical harms of algorithmic systems: Scoping a taxonomy for harm reduction,,,,,2023
inproceedings,ref107,,,,,,,"Bogucka, Edyta and {\v{S}}{\'c}epanovi{\'c}, Sanja and Quercia, Daniele",Proceedings of the AAAI Conference on Human Computation and Crowdsourcing,,,,,,,,,,,,,,,,,,,,,33--43,,,,,,,,Atlas of AI Risks: Enhancing Public Understanding of AI Risks,,,,12,2024
inproceedings,ref108,,,,,,,"Raji, Inioluwa Deborah and Kumar, I Elizabeth and Horowitz, Aaron and Selbst, Andrew","Proceedings of the 2022 ACM Conference on Fairness, Accountability, and Transparency",,,,,,,,,,,,,,,,,,,,,959--972,,,,,,,,The fallacy of AI functionality,,,,,2022
article,ref109,,,,,,,"Gehman, Samuel and Gururangan, Suchin and Sap, Maarten and Choi, Yejin and Smith, Noah A",,,,,,,,,,,,,,arXiv preprint arXiv:2009.11462,,,,,,,,,,,,,,,,Realtoxicityprompts: Evaluating neural toxic degeneration in language models,,,,,2020
inproceedings,ref110,,,,,,,"Chehbouni, Khaoula and Roshan, Megha and Ma, Emmanuel and Wei, Futian and Taik, Afaf and Cheung, Jackie Chi Kit and Farnadi, Golnoosh",Findings of the Association for Computational Linguistics ACL 2024,,,,,,,,,,,,,,,,,,,,,15694--15710,,,,,,,,From Representational Harms to Quality-of-Service Harms: A Case Study on Llama 2 Safety Safeguards,,,,,2024
inproceedings,ref111,,,,,,,"Dorn, Rebecca and Kezar, Lee and Morstatter, Fred and Lerman, Kristina","Proceedings of the 4th ACM Conference on Equity and Access in Algorithms, Mechanisms, and Optimization",,,,,,,,,,,,,,,,,,,,,1--12,,,,,,,,Harmful speech detection by language models exhibits gender-queer dialect bias,,,,,2024
inproceedings,ref112,,,,,,,"Bender, Emily M and Gebru, Timnit and McMillan-Major, Angelina and Shmitchell, Shmargaret","Proceedings of the 2021 ACM conference on fairness, accountability, and transparency",,,,,,,,,,,,,,,,,,,,,610--623,,,,,,,,On the dangers of stochastic parrots: Can language models be too big?,,,,,2021
article,ref113,,,,,,,"Ji, Ziwei and Lee, Nayeon and Frieske, Rita and Yu, Tiezheng and Su, Dan and Xu, Yan and Ishii, Etsuko and Bang, Ye Jin and Madotto, Andrea and Fung, Pascale",,,,,,,,,,,,,,ACM computing surveys,,,,,,12,,1--38,,,,"ACM New York, NY",,,,Survey of hallucination in natural language generation,,,,55,2023
misc,ref114,,,,,arXiv,,Shivalika Singh and Yiyang Nan and Alex Wang and Daniel D'Souza and Sayash Kapoor and Ahmet Üstün and Sanmi Koyejo and Yuntian Deng and Shayne Longpre and Noah Smith and Beyza Ermis and Marzieh Fadaee and Sara Hooker,,,,,,,2504.20879,,,,,,,,,,,,,,,,,,cs.AI,,,,,The Leaderboard Illusion,,https://arxiv.org/abs/2504.20879,,,2025
misc,ref115,,,,,arXiv,,Hanna Wallach and Meera Desai and A. Feder Cooper and Angelina Wang and Chad Atalla and Solon Barocas and Su Lin Blodgett and Alexandra Chouldechova and Emily Corvi and P. Alex Dow and Jean Garcia-Gathright and Alexandra Olteanu and Nicholas Pangakis and Stefanie Reed and Emily Sheng and Dan Vann and Jennifer Wortman Vaughan and Matthew Vogel and Hannah Washington and Abigail Z. Jacobs,,,,,,,2502.00561,,,,,,,,,,,,,,,,,,cs.CY,,,,,Position: Evaluating Generative AI Systems is a Social Science Measurement Challenge,,https://arxiv.org/abs/2502.00561,,,2025
misc,ref116,,,,,arXiv,,Margarita Boyarskaya and Alexandra Olteanu and Kate Crawford,,,,,,,2011.13416,,,,,,,,,,,,,,,,,,cs.CY,,,,,Overcoming Failures of Imagination in AI Infused System Development and Deployment,,https://arxiv.org/abs/2011.13416,,,2020
misc,ref117,,,,,arXiv,,Laura Weidinger and Inioluwa Deborah Raji and Hanna Wallach and Margaret Mitchell and Angelina Wang and Olawale Salaudeen and Rishi Bommasani and Deep Ganguli and Sanmi Koyejo and William Isaac,,,,,,,2503.05336,,,,,,,,,,,,,,,,,,cs.AI,,,,,Toward an Evaluation Science for Generative AI Systems,,https://arxiv.org/abs/2503.05336,,,2025
misc,ref118,,,,,arXiv,,Kunal Handa and Alex Tamkin and Miles McCain and Saffron Huang and Esin Durmus and Sarah Heck and Jared Mueller and Jerry Hong and Stuart Ritchie and Tim Belonax and Kevin K. Troy and Dario Amodei and Jared Kaplan and Jack Clark and Deep Ganguli,,,,,,,2503.04761,,,,,,,,,,,,,,,,,,cs.CY,,,,,Which Economic Tasks are Performed with AI? Evidence from Millions of Claude Conversations,,https://arxiv.org/abs/2503.04761,,,2025
misc,ref119,,,,,arXiv,,Alex Tamkin and Miles McCain and Kunal Handa and Esin Durmus and Liane Lovitt and Ankur Rathi and Saffron Huang and Alfred Mountfield and Jerry Hong and Stuart Ritchie and Michael Stern and Brian Clarke and Landon Goldberg and Theodore R. Sumers and Jared Mueller and William McEachen and Wes Mitchell and Shan Carter and Jack Clark and Jared Kaplan and Deep Ganguli,,,,,,,2412.13678,,,,,,,,,,,,,,,,,,cs.CY,,,,,Clio: Privacy-Preserving Insights into Real-World AI Use,,https://arxiv.org/abs/2412.13678,,,2024
misc,ref120,,,,,arXiv,,Alex Tamkin and Amanda Askell and Liane Lovitt and Esin Durmus and Nicholas Joseph and Shauna Kravec and Karina Nguyen and Jared Kaplan and Deep Ganguli,,,,,,,2312.03689,,,,,,,,,,,,,,,,,,cs.CL,,,,,Evaluating and Mitigating Discrimination in Language Model Decisions,,https://arxiv.org/abs/2312.03689,,,2023
article,ref121,,,,,,,Kathryn Bonney and Cory Breaux and Catherine Buffington and Emin Dinlersoz and Lucia Foster and Nathan Goldschlag and John Haltiwanger and Zachary Kroff and Keith Savage,,,,https://doi.org/10.1016/j.econlet.2024.111971,,,,,,,,0165-1765,,Economics Letters,"Artificial Intelligence, Technology adoption, Firm performance, Task replacement, Labor substitution, Technology and employment",,,,,,,111971,,,,,,,,The impact of AI on the workforce: Tasks versus jobs?,,https://www.sciencedirect.com/science/article/pii/S0165176524004555,,244,2024
techreport,ref122,,,,,,,"Acemoglu, Daron",,,,10.3386/w32487,,,,,,National Bureau of Economic Research,,,,,,,,May,,32487,,,,,,,,Working Paper Series,,The Simple Macroeconomics of AI,Working Paper,http://www.nber.org/papers/w32487,,,2024
article,ref123,,,,,,,"Lutes, Brent and Gans, Joshua and Greenstein, Shane and Jaffe, Adam B. and Nagaraj, Abhishek and Reimers, Imke and Smith, Michael D. and Telang, Rahul and Tucker, Catherine E. and Waldfogel, Joel",,,,,,,,,,,,,,"First published by the U.S. Copyright Office, Available at SSRN: https://ssrn.com/abstract=5143605 or http://dx.doi.org/10.2139/ssrn.5143605",,,,,,,,,,,,,,,,"Identifying the Economic Implications of Artificial Intelligence for Copyright Policy (February 12, 2025). First published by the U.S. Copyright Office",,,,,2025
misc,ref124,,,,,arXiv,,Maria Eriksson and Erasmo Purificato and Arman Noroozian and Joao Vinagre and Guillaume Chaslot and Emilia Gomez and David Fernandez-Llorca,,,,,,,2502.06559,,,,,,,,,,,,,,,,,,cs.AI,,,,,Can We Trust AI Benchmarks? An Interdisciplinary Review of Current Issues in AI Evaluation,,https://arxiv.org/abs/2502.06559,,,2025
article,ref125,,,,,,,Mohammad Atari and Mona J. Xue and Peter S. Park and Dami{\'a}n E. Blasi and Joseph Henrich,,,,,,,,,,,,,,,,eng,,,,,,,,,,,,,,Which Humans?,,,,,
misc,ref126,,,,,arXiv,,Nathan Lambert and Thomas Krendl Gilbert and Tom Zick,,,,,,,2310.13595,,,,,,,,,,,,,,,,,,cs.CY,,,,,The History and Risks of Reinforcement Learning and Human Feedback,,https://arxiv.org/abs/2310.13595,,,2023
misc,ref127,,,,,arXiv,,Stephen Casper and Xander Davies and Claudia Shi and Thomas Krendl Gilbert and Jérémy Scheurer and Javier Rando and Rachel Freedman and Tomasz Korbak and David Lindner and Pedro Freire and Tony Wang and Samuel Marks and Charbel-Raphaël Segerie and Micah Carroll and Andi Peng and Phillip Christoffersen and Mehul Damani and Stewart Slocum and Usman Anwar and Anand Siththaranjan and Max Nadeau and Eric J. Michaud and Jacob Pfau and Dmitrii Krasheninnikov and Xin Chen and Lauro Langosco and Peter Hase and Erdem Bıyık and Anca Dragan and David Krueger and Dorsa Sadigh and Dylan Hadfield-Menell,,,,,,,2307.15217,,,,,,,,,,,,,,,,,,cs.AI,,,,,Open Problems and Fundamental Limitations of Reinforcement Learning from Human Feedback,,https://arxiv.org/abs/2307.15217,,,2023
misc,ref128,,,,,arXiv,,Susan Landau and James X. Dempsey and Ece Kamar and Steven M. Bellovin and Robert Pool,,,,,,,2406.10430,,,,,,,,,,,,,,,,,,cs.CY,,,,,Challenging the Machine: Contestability in Government AI Systems,,https://arxiv.org/abs/2406.10430,,,2024
inproceedings,ref129,,,"New York, NY, USA",,,,"Sloane, Mona and Moss, Emanuel and Awomolo, Olaitan and Forlano, Laura",,,,10.1145/3551624.3555285,,,,,,,9781450394772,,,,,,"Arlington, VA, USA",,,,,,,,,Association for Computing Machinery,,EAAMO '22,,Participation Is not a Design Fix for Machine Learning,,https://doi.org/10.1145/3551624.3555285,,,2022
article,ref130,,,"New York, NY, USA",,,398,"Escher, Nel and Bilik, Jeffrey and Banovic, Nikola and Green, Ben",,,,10.1145/3686937,,,,,,,,,November 2024,Proc. ACM Hum.-Comput. Interact.,"automated legal systems, law, legal software development",,,November,,CSCW2,37,,,,,Association for Computing Machinery,,,,Code-ifying the Law: How Disciplinary Divides Afflict the Development of Legal Software,,https://doi.org/10.1145/3686937,,8,2024
article,ref131,,,,,,,Stephen C. Slota and Kenneth R. Fleischmann and Sherri Greenberg and Nitin Verma and Brenna Cummings and Lan Li and Chris Shenefiel,,,,10.1007/s00146-021-01302-0,,,,,,,,,,AI and Society,,,,,,4,,1287--1299,,,,,,,,Many Hands Make Many Fingers to Point: Challenges in Creating Accountable Ai,,,,38,2023
book,ref132,,,,,,,"Emanuel, Moss and Jacob, Metcalf",,,,,,,,,,,,,,,,,,September,,,,,,,,Data \& Society,,,,Ethics Owners: A New Model of Organizational Responsibility in Data-Driven Technology Companies,,https://datasociety.net/wp-content/uploads/2020/09/Ethics-Owners_20200923-DataSociety.pdf,,,2020
techreport,ref133,,,,,,,"Reva Schwartz and Gabriella Waters and Razvan Amironesei and Craig Greenberg and Jon Fiscus and Patrick Hall and Anya Jones and Shomik Jain and
Afzal Godil and Kristen Greene and Ted Jensen and Noah Schulman",,,,,,,,,,"National Institute of Standards and Technology, Gaithersburg, MD",,,,,,,,,,,,,,,,,,,,"The Assessing Risks and Impacts of AI (ARIA)
Program Evaluation Design Document",,,,,2024
misc,ref134,,,,,,,David Leslie and Cami Rincon and Morgan Briggs and others,,,,,,,,,https://aiethics.turing.ac.uk/modules/sustainability-1/,,,,,,,,,,,,,,,,,,,,,AI Sustainability in Practice Part One: Foundations for Sustainable AI Projects,,,,,2024
article,ref135,,,,,,,Cedric E. Dawkins,,,,10.1007/s10551-013-1697-z,,,,,,,,,, J Bus Ethics,,,,,,,,283-295,,,,,,,,The Principle of Good Faith: Toward Substantive Stakeholder Engagement.,,,,121,2014
inproceedings,ref136,,,"New York, NY, USA",,,6,"Birhane, Abeba and Isaac, William and Prabhakaran, Vinodkumar and Diaz, Mark and Elish, Madeleine Clare and Gabriel, Iason and Mohamed, Shakir","Proceedings of the 2nd ACM Conference on Equity and Access in Algorithms, Mechanisms, and Optimization",,,10.1145/3551624.3555290,,,,,,,9781450394772,,,,"Justice, Machine Learning, Participatory AI, Power",,"Arlington, VA, USA",,,,8,,,,,Association for Computing Machinery,,EAAMO '22,,Power to the People? Opportunities and Challenges for Participatory AI,,https://doi.org/10.1145/3551624.3555290,,,2022
book,ref137,,,,,,,"Strauss, Ilan and Moure, Isobel and O’Reilly, Tim and Rosenblat, Sruly",,,,10.35650/aidp.4112.d.2025,,,,,,,,,,,,,,April,,,,,,,,"AI Disclosures Project, Social Science Research Council",,,,The State of AI Governance Research: AI Safety and Reliability in Real World Commercial Deployment,,http://dx.doi.org/10.35650/AIDP.4112.d.2025,,,2025
article,ref138,,,,,,,Henry Farrell  and Alison Gopnik  and Cosma Shalizi  and James Evans ,,,,10.1126/science.adt9819,,,https://www.science.org/doi/pdf/10.1126/science.adt9819,,,,,,,Science,,,,,,6739,,1153-1156,,,,,,,,Large AI models are cultural and social technologies,,https://www.science.org/doi/abs/10.1126/science.adt9819,,387,2025
inproceedings,ref139,,,"New York, NY, USA",,,39,"Sambasivan, Nithya and Kapania, Shivani and Highfill, Hannah and Akrong, Diana and Paritosh, Praveen and Aroyo, Lora M",Proceedings of the 2021 CHI Conference on Human Factors in Computing Systems,,,10.1145/3411764.3445518,,,,,,,9781450380966,,,,"AI, Data, Ghana, India, Kenya, ML, Nigeria, USA, Uganda, application-domain experts, data cascades, data collectors, data politics, data quality, developers, high-stakes AI, raters",,"Yokohama, Japan",,,,15,,,,,Association for Computing Machinery,,CHI '21,,"“Everyone wants to do the model work, not the data work”: Data Cascades in High-Stakes AI",,https://doi.org/10.1145/3411764.3445518,,,2021
article,ref140,,,,,,,"Aleks Berditchevskaia and
Eirini Malliaraki and
Kathy Peach",,,,,,,,,,,,,,Nesta,,,,,,,,,,,,,,,,Participatory AI for humanitarian innovation: A briefing paper,,https://media.nesta.org.uk/documents/Nesta_Participatory_AI_for_humanitarian_innovation_Final.pdf,,,2021
article,ref141,,,,,,,Calum F. Leask and Marlene Sandlund and Dawn A. Skelton and Teatske M. Altenburg and  Greet Cardon and others,,,,10.1186/s40900-018-0136-9,,,,,,,,,,Res Involv Engagem,,,,,,2,,1153-1156,,,,,,,,"Framework, principles and recommendations for utilising participatory methodologies in the co-creation and evaluation of public health interventions",,,,5,2019
misc,ref142,,,,,,,Cristian Matti and Gabriel Rissola,,,,,,,,,\url{https://www.eit.europa.eu/sites/default/files/jrc128771_01.pdf},,,,,,,,,,,,,,,,,,,,,Co-creation for policy: Participatory methodologies to structure multi-stakeholder policymaking processes,,,,,2022
article,ref143,,,,,,,Sikke R. Jansma and Anne M. Dijkstra and Menno D.T. de Jong,,,,10.1080/23299460.2021.1994195,,,,,,,,,,Journal of Responsible Innovation,,,,,,1,,28-48,,,,,,,,Co-creation in support of responsible research and innovation: an analysis of three stakeholder workshops on nanotechnology for health,,,,9,2021
article,ref144,,,,,,,Max Korbmacher et al,,,,10.1038/s44271-023-00003-2,,,,,,,,,,Communications Psychology,,,,,,,,,,,,,,,,"The replication crisis has led to positive structural, procedural, and community changes",,,,,2023
article,ref145,,,,,,,Loukas Balafoutas and Jeremy Celse and Alexandros Karakostas and Nicholas Umashev,,,,https://doi.org/10.1016/j.socec.2024.102327,,,,,,,,2214-8043,,Journal of Behavioral and Experimental Economics,,,,,,,,102327,,,,,,,,Incentives and the replication crisis in social sciences: A critical review of open science practices,,https://www.sciencedirect.com/science/article/pii/S2214804324001642,,114,2025
article,ref146,,,,,,,"Camerer, Colin and Dreber, Anna and Holzmeister, Felix and Ho, Teck and Huber, Jürgen and Johannesson, Magnus and Kirchler, Michael and Nave, Gideon and Nosek, Brian and Pfeiffer, Thomas and Altmejd, Adam and Buttrick, Nick and Chan, Taizan and Chen, Yiling and Forsell, Eskil and Gampa, Anup and Heikensten, Emma and Hummer, Lily and Imai, Taisuke and Wu, Hang",,,,10.1038/s41562-018-0399-z,,,,,,,,,,Nature Human Behaviour,,,,09,,,,,,,,,,,,Evaluating the replicability of social science experiments in Nature and Science between 2010 and 2015,,,,2,2018
inproceedings,ref147,,,,,,,"Liao, Thomas and Taori, Rohan and Raji, Deborah and Schmidt, Ludwig",Proceedings of the Neural Information Processing Systems Track on Datasets and Benchmarks,,,,,J. Vanschoren and S. Yeung,,,,,,,,,,,,,,,,,,,,,,,,Are We Learning Yet? A Meta Review of Evaluation Failures Across Machine Learning,,https://datasets-benchmarks-proceedings.neurips.cc/paper_files/paper/2021/file/757b505cfd34c64c85ca5b5690ee5293-Paper-round2.pdf,,1,2021
misc,ref148,,,,,arXiv,,Inioluwa Deborah Raji and Roel Dobbe,,,,,,,2401.10899,,,,,,,,,,,,,,,,,,cs.CY,,,,,"Concrete Problems in AI Safety, Revisited",,https://arxiv.org/abs/2401.10899,,,2023
misc,ref149,,,,,arXiv,,Benjamin Recht and Rebecca Roelofs and Ludwig Schmidt and Vaishaal Shankar,,,,,,,1902.10811,,,,,,,,,,,,,,,,,,cs.CV,,,,,Do ImageNet Classifiers Generalize to ImageNet?,,https://arxiv.org/abs/1902.10811,,,2019
proceedings,ref150,,,"Dublin, Ireland",,,,,,,,,,"Muresan, Smaranda  and
Nakov, Preslav  and
Villavicencio, Aline",,,,,,,,,,,,May,,,,,,,,Association for Computational Linguistics,,,,Proceedings of the 60th Annual Meeting of the Association for Computational Linguistics (Volume 1: Long Papers),,https://aclanthology.org/2022.acl-long.0/,,,2022
inproceedings,ref151,,,Online,,,,"Kiela, Douwe  and
Bartolo, Max  and
Nie, Yixin  and
Kaushik, Divyansh  and
Geiger, Atticus  and
Wu, Zhengxuan  and
Vidgen, Bertie  and
Prasad, Grusha  and
Singh, Amanpreet  and
Ringshia, Pratik  and
Ma, Zhiyi  and
Thrush, Tristan  and
Riedel, Sebastian  and
Waseem, Zeerak  and
Stenetorp, Pontus  and
Jia, Robin  and
Bansal, Mohit  and
Potts, Christopher  and
Williams, Adina",Proceedings of the 2021 Conference of the North American Chapter of the Association for Computational Linguistics: Human Language Technologies,,,10.18653/v1/2021.naacl-main.324,,"Toutanova, Kristina  and
Rumshisky, Anna  and
Zettlemoyer, Luke  and
Hakkani-Tur, Dilek  and
Beltagy, Iz  and
Bethard, Steven  and
Cotterell, Ryan  and
Chakraborty, Tanmoy  and
Zhou, Yichao",,,,,,,,,,,,June,,,,4110--4124,,,,Association for Computational Linguistics,,,,Dynabench: Rethinking Benchmarking in {NLP},,https://aclanthology.org/2021.naacl-main.324/,,,2021
inproceedings,ref152,,,,,,,"Kim, Chris Dongjoo and Kim, Byeongchang and Lee, Hyunmin and Kim, Gunhee",NAACL-HLT,,,,,,,,,,,,,,,,,,,,,,,,,,,,,AudioCaps: Generating Captions for Audios in The Wild,,,,,2019
article,ref153,,,,,,,"Li, Nathaniel and Han, Ziwen and Steneker, Ian and Primack, Willow and Goodside, Riley and Zhang, Hugh and Wang, Zifan and Menghini, Cristina and Yue, Summer",,,,,,,,,,,,,,arXiv preprint arXiv:2408.15221,,,,,,,,,,,,,,,,{LLM} defenses are not robust to multi-turn human jailbreaks yet,,,,,2024
misc,ref154,,,,,arXiv,,Lianmin Zheng and Wei-Lin Chiang and Ying Sheng and Siyuan Zhuang and Zhanghao Wu and Yonghao Zhuang and Zi Lin and Zhuohan Li and Dacheng Li and Eric P. Xing and Hao Zhang and Joseph E. Gonzalez and Ion Stoica,,,,,,,2306.05685,,,,,,,,,,,,,,,,,,cs.CL,,,,,Judging LLM-as-a-Judge with MT-Bench and Chatbot Arena,,https://arxiv.org/abs/2306.05685,,,2023
article,ref155,,,,,,,"Friedman, Batya and Kahn, Peter and Borning, Alan",,,,,,,,,,,,,,UW CSE Technical Report,,,,,,,,,,,,,,,,Value Sensitive Design: Theory and Methods,,,,,2003
misc,ref156,,,,,,,Colleen McClain and Brian Kennedy and Jeffrey Gottfried and Monica Anderson and Giancarlo Pasquini,,,,,,,,,,,,,,Pew Research Center,,en-US,,April,,,,,,,,,,,,How the U.S. Public and AI Experts View Artificial Intelligence,,https://www.pewresearch.org/internet/2025/04/03/how-the-us-public-and-ai-experts-view-artificial-intelligence/,,,2025
misc,ref157,,,,,,,"Parker, Luona Lin and Kim",,,,,,,,,,,,,,Pew Research Center,,en-US,,February,,,,,,,,,,,,U.S. Workers Are More Worried Than Hopeful About Future AI Use in the Workplace,,https://www.pewresearch.org/social-trends/2025/02/25/u-s-workers-are-more-worried-than-hopeful-about-future-ai-use-in-the-workplace/,,,2025
misc,ref158,,This tracker identifies AI legislative and policy developments in a subset of jurisdictions.,,,,,International Association of Privacy Professionals,,,,,,,,,,,,,,,,,,,,,,,,,,,,,,Global Law and Policy Tracker,,https://iapp.org/resources/article/global-ai-legislation-tracker/,,,
misc,ref159,,,,,,,OECD Artificial Intelligence Papers,,,,10.1787/26324bc2-en,,,,,,,,,,,,en,,June,,20,,,,,,,,,,Governing with Artificial Intelligence,,https://www.oecd.org/en/publications/governing-with-artificial-intelligence_26324bc2-en.html,,,2024
misc,ref160,,,,,,,Gallup and Telescope Foundation,,,,,,,,,,,,,,,,en,,,,,,,,,,,,,,Americans Use AI in Everyday Products Without Realizing It,,https://www.telescopegp.com/insights/americans-use-ai-in-everyday-products-without-realizing-it,,,
paper,ref161,,,,,,,"Gillespie, Nicole and Lockey, Steven and Ward, Tabi and Macdade, Alexandria and Hassed, Gerard",,,,10.26188/28822919,,,,,,The University of Melbourne,,,,,,,,,,,,,,,,,Creative Commons Attribution Non Commercial Share Alike 4.0 International,,,"Trust, attitudes and use of artificial intelligence: A global study 2025",,https://figshare.unimelb.edu.au/articles/report/Trust_attitudes_and_use_of_artificial_intelligence_A_global_study_2025/28822919,,,2025
article,ref162,,,,,,,"Trist, E. L. and Bamforth, K. W.",,,,10.1177/001872675100400101,,,,,,,,"0018-7267, 1741-282X",,Human Relations,,en,,February,,1,,3–38,,,,,https://journals.sagepub.com/page/policies/text-and-data-mining-license,,,Some Social and Psychological Consequences of the Longwall Method of Coal-Getting: An Examination of the Psychological Situation and Defences of a Work Group in Relation to the Social Structure and Technological Content of the Work System,,https://journals.sagepub.com/doi/10.1177/001872675100400101,,4,1951
article,ref163,,,"New York, NY, USA",,,214,"Madaio, Michael A. and Chen, Jingya and Wallach, Hanna and Wortman Vaughan, Jennifer",,,,10.1145/3653705,,,,,,,,,April 2024,Proc. ACM Hum.-Comput. Interact.,"articulation work, ethics, fairness, responsible ai",,,April,,CSCW1,20,,,,,Association for Computing Machinery,,,,"Tinker, Tailor, Configure, Customize: The Articulation Work of Contextualizing an AI Fairness Checklist",,https://doi.org/10.1145/3653705,,8,2024
inproceedings,ref164,,,,,,,"Smith, Jessie J. and Amershi, Saleema and Barocas, Solon and Wallach, Hanna and Wortman Vaughan, Jennifer",2022 ACM Conference on Fairness Accountability and Transparency,FAccT ’22,,10.1145/3531146.3533122,,,,,,,,,,,,,,June,,,,587–597,,,,ACM,,FAccT ’22,,"REAL ML: Recognizing, Exploring, and Articulating Limitations of Machine Learning Research",,http://dx.doi.org/10.1145/3531146.3533122,,,2022
misc,ref165,,,,,arXiv,,Alice Qian Zhang and Ryland Shaw and Jacy Reese Anthis and Ashlee Milton and Emily Tseng and Jina Suh and Lama Ahmad and Ram Shankar Siva Kumar and Julian Posada and Benjamin Shestakofsky and Sarah T. Roberts and Mary L. Gray,,,,https://doi.org/10.1145/3678884.3687147,,,2407.07786,,,,,,,,,,,,,,,,,,cs.HC,,,,,The Human Factor in AI Red Teaming: Perspectives from Social and Collaborative Computing,,https://arxiv.org/abs/2407.07786,,,2024
